supplier,id,model,note
GIC,20431,28516,"GIC quote S7361854: ILOCK 1-1/8 ID X 1"" X 6' (was 6RXLO100118)"
GIC,20474,66289,"GIC quote S7361854: ILOCK 1-1/8 ID X 2"" X 6' (was 6RXLO200118)"
GIC,19903,66695,"GIC quote S7361854: MAN 2-3/16"" .75# 48"" X 75' BLKT FSK R6 (was 515605)"
GIC,20495,505,"GIC quote S7361854: RUB SHEET 1 X 3' X 4' (was 6RSX3X4100)"
GIC,20077,84453,"GIC quote S7361854: POLYG ALUMAGUARD COOL WRAP 36"" X 50' MATTE WHITE (was FGBPOLYGUARDB)"
GIC,20521,48242,"GIC quote S7361854: 620 BLACK ADHESIVE (was 800-620-GAL)"
GIC,20643,2207,"GIC quote S7361854: CP 35 CHILPERM VAPOR RETARDER WHITE 1GL (was MASTCP351G)"
GIC,20708,6114,"GIC quote S7361854: 3M VENTURE 4"" X 150' FOIL 1520CW (was TAPE41501520)"
GIC,20705,845,"GIC quote S7361854: 3M VENTURE 4"" X 150' FSK 1525CW (was TAPE41801525FSK)"
GIC,20710,847,"GIC quote S7361854: 3M VENTURE 3"" X 150' ASJ 1540CW (was TAPE315016ASJ)"
GIC,20713,850,"GIC quote S7361854: 3M TARTAN 3/4"" X 180' FILAMENT 8934 (was TAPE3418048)"
GIC,20679,1016,"GIC quote S7361854: 2-1/8"" INSULATED MINI CUP PIN (was PIN218INS1M)"
GIC,20678,1015,"GIC quote S7361854: 2"" INSULATED MINI CUP PIN (was PIN2INSMI1M)"
GIC,20724,70375,"GIC quote S7361854: 1/2"" MARKWELL 2619 STAPLES (was ACC1226195)"
GIC,20663,71643,"GIC quote S7361854: 3/4"" STAINLESS WING SEALS (was BAND340321000SS)"
GIC,21020,1031,"GIC quote S7361854: 18 GA ST ST WIRE 5LB SPOOL (was MFSSWIRE18GA)"
GIC,20659,59118,"GIC quote S7361854: 3/4"" SS304 020 BAND 900' (was BAND34020900CSS)"
